Sprite Room,Monster Room,Same Room,Neighbor Room,Distance,State,Eats
0,5,0,0,398.127,Move to random point,0
0,5,0,0,476.395,Move to random point,0
0,2,0,1,206.449,Move to random point,0
0,2,0,1,131.165,Move to random point,0
0,2,0,1,374.318,Move to random point,0
0,2,0,1,344.686,Change Room,0
6,4,0,0,418.529,Move to random point,0
6,4,0,0,266.38,Change Room,0
5,5,1,0,124.767,Seek,0
5,5,1,0,96.6018,Seek,0
5,5,1,0,39.5526,Seek,0
5,5,1,0,12.9812,Reset,1
0,5,0,0,398.117,Move to random point,0
0,5,0,0,395.979,Move to random point,0
0,5,0,0,497.585,Move to random point,0
0,2,0,1,232.091,Move to random point,0
0,2,0,1,398.023,Move to random point,0
0,2,0,1,305.987,Move to random point,0
0,2,0,1,224.512,Change Room,0
6,4,0,0,465.891,Move to random point,0
5,4,0,0,267.011,Change Room,0
2,5,0,1,224.72,Move to random point,0
1,2,0,1,135.073,Move to random point,0
1,2,0,1,183.334,Move to random point,0
1,2,0,1,63.2009,Change Room,0
6,6,1,0,86.4556,Seek,0
6,6,1,0,11.3558,Reset,1
0,5,0,0,398.162,Move to random point,0
0,5,0,0,486.673,Move to random point,0
0,2,0,1,236.248,Move to random point,0
0,2,0,1,340.857,Move to random point,0
0,2,0,1,435.14,Move to random point,0
0,2,0,1,239.665,Change Room,0
4,4,1,0,181.327,Seek,0
5,5,1,0,19.4625,Seek,0
0,5,0,0,398.066,Move to random point,0
0,2,0,1,185.265,Move to random point,0
0,2,0,1,159.339,Move to random point,0
0,2,0,1,300.799,Move to random point,0
0,2,0,1,157.708,Move to random point,0
0,2,0,1,252.778,Change Room,0
5,4,0,0,215.141,Move to random point,0
2,4,0,0,370.465,Move to random point,0
2,4,0,0,424.828,Change Room,0
2,2,1,0,45.892,Seek,0
2,2,1,0,29.8042,Seek,0
2,2,1,0,9.94972,Reset,1
0,5,0,0,398.113,Move to random point,0
0,2,0,1,428.385,Move to random point,0
0,2,0,1,283.264,Move to random point,0
0,2,0,1,384.22,Move to random point,0
0,2,0,1,190.86,Move to random point,0
0,2,0,1,174.801,Move to random point,0
2,2,1,0,278.04,Seek,0
0,5,0,0,398.098,Move to random point,0
0,5,0,0,360.025,Move to random point,0
0,5,0,0,438.729,Move to random point,0
0,3,0,0,296.923,Move to random point,0
0,3,0,0,288.211,Change Room,0
2,4,0,0,286.311,Move to random point,0
2,4,0,0,275.57,Move to random point,0
2,4,0,0,292.763,Change Room,0
5,4,0,0,16.6186,Move to random point,0
6,4,0,0,436.968,Move to random point,0
6,4,0,0,416.601,Move to random point,0
6,4,0,0,420.882,Move to random point,0
6,4,0,0,435.486,Move to random point,0
6,4,0,0,439.484,Change Room,0
1,6,0,0,428.392,Move to random point,0
1,6,0,0,553.798,Move to random point,0
1,6,0,0,556.099,Move to random point,0
1,6,0,0,512.181,Move to random point,0
2,6,0,0,477.983,Change Room,0
3,2,0,1,81.3898,Move to random point,0
3,2,0,1,209.5,Move to random point,0
3,2,0,1,276.332,Change Room,0
2,2,1,0,161.951,Seek,0
0,5,0,0,398.074,Move to random point,0
0,5,0,0,345.892,Move to random point,0
0,2,0,1,426.436,Move to random point,0
0,2,0,1,434.339,Move to random point,0
0,2,0,1,443.941,Move to random point,0
0,2,0,1,443.974,Move to random point,0
0,2,0,1,321.218,Move to random point,0
0,2,0,1,331.556,Move to random point,0
0,2,0,1,281.746,Change Room,0
1,4,0,0,434.275,Move to random point,0
1,4,0,0,354.611,Move to random point,0
1,4,0,0,593.834,Change Room,0
2,2,1,0,152.626,Seek,0
2,2,1,0,12.1322,Reset,1
0,5,0,0,398.214,Move to random point,0
0,2,0,1,324.105,Move to random point,0
0,2,0,1,369.354,Move to random point,0
0,2,0,1,424.835,Move to random point,0
0,2,0,1,238.442,Move to random point,0
0,2,0,1,209.693,Move to random point,0
0,2,0,1,191.481,Change Room,0
4,4,1,0,204.337,Seek,0
0,5,0,0,398.289,Move to random point,0
0,5,0,0,358.482,Move to random point,0
0,2,0,1,300.292,Move to random point,0
0,2,0,1,223.899,Move to random point,0
0,2,0,1,179.996,Move to random point,0
0,2,0,1,281.045,Move to random point,0
2,2,1,0,307.512,Seek,0
0,5,0,0,398.29,Move to random point,0
0,2,0,1,188.526,Move to random point,0
0,2,0,1,113.872,Move to random point,0
0,2,0,1,228.591,Move to random point,0
0,2,0,1,280.709,Move to random point,0
0,2,0,1,213.404,Move to random point,0
0,2,0,1,154.924,Change Room,0
2,4,0,0,300.492,Move to random point,0
2,4,0,0,255.782,Move to random point,0
5,4,0,0,302.45,Change Room,0
6,5,0,1,126.879,Move to random point,0
6,5,0,1,151.248,Move to random point,0
5,2,0,1,365.591,Change Room,0
4,6,0,0,302.263,Move to random point,0
5,6,0,1,342.516,Change Room,0
2,2,1,0,11.7072,Reset,1
0,5,0,0,398.097,Move to random point,0
0,5,0,0,429.346,Move to random point,0
0,0,1,0,176.349,Seek,0
0,0,1,0,100.297,Seek,0
0,0,1,0,104.243,Seek,0
5,0,0,0,52.0087,Change Room,0
4,4,1,0,51.596,Seek,0
4,4,1,0,183.347,Seek,0
4,4,1,0,13.598,Reset,1
0,5,0,0,398.291,Move to random point,0
0,5,0,0,436.064,Move to random point,0
0,5,0,0,379.601,Move to random point,0
0,5,0,0,408.288,Move to random point,0
0,2,0,1,319.862,Move to random point,0
0,2,0,1,376.355,Move to random point,0
0,2,0,1,231.155,Change Room,0
4,4,1,0,118.046,Seek,0
0,5,0,0,398.243,Move to random point,0
0,5,0,0,459.719,Move to random point,0
0,5,0,0,403.403,Move to random point,0
0,5,0,0,290.525,Move to random point,0
0,2,0,1,311.277,Move to random point,0
0,2,0,1,200.842,Move to random point,0
2,2,1,0,271.196,Seek,0
0,5,0,0,398.313,Move to random point,0
0,5,0,0,371.833,Move to random point,0
0,5,0,0,309.749,Move to random point,0
0,5,0,0,254.938,Move to random point,0
0,5,0,0,387.082,Move to random point,0
0,2,0,1,354.466,Move to random point,0
0,2,0,1,316.516,Change Room,0
6,4,0,0,463.437,Move to random point,0
6,4,0,0,442.504,Move to random point,0
5,4,0,0,392.954,Change Room,0
0,5,0,0,398.068,Move to random point,0
0,5,0,0,478.808,Move to random point,0
0,5,0,0,415.112,Move to random point,0
0,5,0,0,345.598,Move to random point,0
0,5,0,0,293.021,Move to random point,0
0,2,0,1,468.078,Move to random point,0
0,2,0,1,360.339,Move to random point,0
0,2,0,1,125.776,Change Room,0
2,4,0,0,325.814,Move to random point,0
2,4,0,0,313.375,Change Room,0
1,2,0,1,207.144,Move to random point,0
1,2,0,1,137.594,Move to random point,0
1,2,0,1,211.971,Change Room,0
4,6,0,0,295.291,Move to random point,0
4,6,0,0,196.329,Change Room,0
2,5,0,1,134.817,Move to random point,0
2,5,0,1,250.238,Move to random point,0
2,5,0,1,265.738,Move to random point,0
2,5,0,1,129.097,Change Room,0
5,2,0,1,71.3384,Move to random point,0
6,2,0,0,324.947,Move to random point,0
6,2,0,0,390.39,Move to random point,0
6,2,0,0,360.97,Move to random point,0
6,2,0,0,347.118,Move to random point,0
6,2,0,0,363.004,Change Room,0
5,1,0,0,438.96,Move to random point,0
5,1,0,0,460.871,Move to random point,0
2,1,0,1,246.637,Move to random point,0
2,1,0,1,326.501,Move to random point,0
3,1,0,0,227.233,Move to random point,0
3,1,0,0,154.46,Move to random point,0
3,1,0,0,236.194,Move to random point,0
3,1,0,0,143.219,Change Room,0
5,2,0,1,115.363,Move to random point,0
5,2,0,1,107.525,Move to random point,0
5,2,0,1,158.283,Move to random point,0
6,2,0,0,273.476,Move to random point,0
6,2,0,0,348.658,Move to random point,0
6,2,0,0,369.316,Move to random point,0
6,2,0,0,347.229,Change Room,0
5,3,0,0,382.303,Move to random point,0
5,3,0,0,434.484,Move to random point,0
5,3,0,0,435.935,Move to random point,0
2,3,0,1,313.56,Move to random point,0
2,3,0,1,279.76,Move to random point,0
2,3,0,1,270.915,Move to random point,0
2,3,0,1,269.076,Move to random point,0
0,3,0,0,167.474,Move to random point,0
0,3,0,0,48.2491,Move to random point,0
0,3,0,0,166.368,Move to random point,0
0,3,0,0,217.776,Change Room,0
0,2,0,1,164.983,Move to random point,0
2,2,1,0,279.39,Seek,0
0,5,0,0,398.31,Move to random point,0
0,5,0,0,447.787,Move to random point,0
0,5,0,0,441.18,Move to random point,0
0,5,0,0,441.186,Move to random point,0
0,2,0,1,243.47,Move to random point,0
0,2,0,1,298.264,Move to random point,0
0,2,0,1,215.014,Move to random point,0
0,2,0,1,241.246,Change Room,0
4,4,1,0,206.207,Seek,0
5,5,1,0,26.8188,Seek,0
0,5,0,0,398.339,Move to random point,0
0,5,0,0,400.121,Move to random point,0
0,5,0,0,319.272,Move to random point,0
0,5,0,0,460.277,Move to random point,0
0,2,0,1,159.895,Move to random point,0
0,2,0,1,299.326,Change Room,0
3,4,0,0,244.731,Move to random point,0
3,4,0,0,214.942,Move to random point,0
3,4,0,0,355.789,Move to random point,0
3,4,0,0,244.698,Change Room,0
2,5,0,1,100.07,Move to random point,0
0,5,0,0,346.446,Move to random point,0
0,5,0,0,494.426,Move to random point,0
0,2,0,1,290.707,Change Room,0
2,6,0,0,429.086,Move to random point,0
2,6,0,0,361.101,Move to random point,0
2,6,0,0,320.966,Move to random point,0
2,6,0,0,341.472,Change Room,0
0,5,0,0,321.79,Move to random point,0
0,5,0,0,346.091,Move to random point,0
0,2,0,1,315.024,Move to random point,0
0,2,0,1,346.775,Change Room,0
2,2,1,0,227.501,Seek,0
0,5,0,0,398.068,Move to random point,0
0,2,0,1,233.976,Move to random point,0
0,2,0,1,204.477,Move to random point,0
0,2,0,1,305.057,Move to random point,0
0,2,0,1,335.433,Move to random point,0
0,2,0,1,313.979,Change Room,0
4,4,1,0,267.353,Seek,0
0,5,0,0,398.071,Move to random point,0
0,2,0,1,377.797,Move to random point,0
0,2,0,1,303.242,Move to random point,0
0,2,0,1,281.971,Move to random point,0
0,2,0,1,306.297,Move to random point,0
0,2,0,1,285.497,Move to random point,0
0,2,0,1,140.518,Change Room,0
4,4,1,0,186.523,Seek,0
0,5,0,0,398.012,Move to random point,0
0,5,0,0,334.775,Move to random point,0
0,2,0,1,213.96,Move to random point,0
0,2,0,1,396.457,Move to random point,0
0,2,0,1,275.089,Move to random point,0
0,2,0,1,145.231,Move to random point,0
2,2,1,0,147.518,Seek,0
0,5,0,0,398.071,Move to random point,0
0,2,0,1,187.166,Move to random point,0
0,2,0,1,247.41,Move to random point,0
0,2,0,1,220.591,Move to random point,0
0,2,0,1,302.38,Move to random point,0
0,2,0,1,285.404,Move to random point,0
0,2,0,1,130.464,Change Room,0
1,4,0,0,483.056,Move to random point,0
1,4,0,0,367.119,Move to random point,0
2,4,0,0,500.927,Change Room,0
0,2,0,1,357.827,Move to random point,0
0,2,0,1,341.455,Move to random point,0
2,2,1,0,270.707,Seek,0
0,5,0,0,398.176,Move to random point,0
0,5,0,0,383.991,Move to random point,0
0,5,0,0,388.727,Move to random point,0
0,2,0,1,318.643,Move to random point,0
0,2,0,1,163.223,Move to random point,0
0,2,0,1,243.973,Move to random point,0
0,2,0,1,188.216,Move to random point,0
0,2,0,1,283.44,Change Room,0
0,4,0,0,285.264,Move to random point,0
0,4,0,0,303.204,Move to random point,0
0,4,0,0,323.091,Change Room,0
2,5,0,1,168.677,Move to random point,0
2,5,0,1,309.838,Move to random point,0
0,2,0,1,25.3171,Move to random point,0
0,2,0,1,96.6454,Change Room,0
0,6,0,0,611.826,Move to random point,0
2,6,0,0,554.665,Change Room,0
3,5,0,0,231.134,Move to random point,0
3,5,0,0,180.633,Move to random point,0
3,5,0,0,197.09,Move to random point,0
3,5,0,0,295.837,Move to random point,0
2,2,1,0,266.561,Seek,0
1,3,0,0,243.076,Change Room,0
1,2,0,1,208.728,Move to random point,0
1,2,0,1,176.934,Move to random point,0
1,2,0,1,195.92,Move to random point,0
2,2,1,0,91.58,Seek,0
0,5,0,0,398.246,Move to random point,0
0,2,0,1,398.511,Move to random point,0
0,2,0,1,244.872,Move to random point,0
0,2,0,1,139.826,Move to random point,0
0,2,0,1,214.077,Move to random point,0
0,2,0,1,250.522,Move to random point,0
0,2,0,1,166.801,Move to random point,0
0,2,0,1,205.358,Change Room,0
5,5,1,0,11.6412,Reset,1
0,5,0,0,398.125,Move to random point,0
0,2,0,1,401.135,Move to random point,0
0,2,0,1,147.507,Move to random point,0
0,2,0,1,322.989,Move to random point,0
0,2,0,1,397.75,Move to random point,0
0,2,0,1,272.005,Move to random point,0
0,2,0,1,223.053,Move to random point,0
0,2,0,1,202.2,Change Room,0
4,4,1,0,179.76,Seek,0
4,5,0,1,89.4228,Change Room,0
5,2,0,1,352.801,Move to random point,0
2,2,1,0,193.61,Seek,0
0,5,0,0,398.152,Move to random point,0
0,5,0,0,453.559,Move to random point,0
0,5,0,0,368.851,Move to random point,0
0,5,0,0,244.299,Move to random point,0
0,3,0,0,166.681,Change Room,0
4,4,1,0,205.622,Seek,0
0,5,0,0,398.196,Move to random point,0
0,5,0,0,419.578,Move to random point,0
0,5,0,0,256.62,Move to random point,0
0,5,0,0,493.63,Move to random point,0
0,5,0,0,264.761,Move to random point,0
0,5,0,0,455.919,Move to random point,0
0,5,0,0,336.987,Move to random point,0
0,5,0,0,358.241,Change Room,0
3,4,0,0,357.358,Move to random point,0
3,4,0,0,123.167,Move to random point,0
1,4,0,0,345.135,Change Room,0
1,5,0,0,256.817,Move to random point,0
1,5,0,0,331.708,Move to random point,0
2,2,1,0,135.269,Seek,0
2,2,1,0,20.2626,Seek,0
2,2,1,0,10.3375,Reset,1
0,5,0,0,398.181,Move to random point,0
0,2,0,1,226.107,Move to random point,0
0,2,0,1,125.057,Move to random point,0
0,2,0,1,341.492,Move to random point,0
0,2,0,1,253.729,Change Room,0
4,4,1,0,88.1063,Seek,0
0,5,0,0,398.098,Move to random point,0
0,2,0,1,420.416,Move to random point,0
0,2,0,1,286.881,Move to random point,0
0,2,0,1,329.472,Move to random point,0
0,2,0,1,196.132,Move to random point,0
0,2,0,1,173.104,Move to random point,0
2,2,1,0,241.708,Seek,0
0,5,0,0,398.125,Move to random point,0
0,5,0,0,479.208,Move to random point,0
0,5,0,0,311.999,Move to random point,0
0,5,0,0,357.419,Move to random point,0
0,5,0,0,511.189,Move to random point,0
0,5,0,0,412.187,Move to random point,0
0,2,0,1,60.1195,Change Room,0
5,5,1,0,13.6171,Reset,1
0,5,0,0,398.3,Move to random point,0
0,2,0,1,270.076,Move to random point,0
0,2,0,1,180.411,Move to random point,0
0,2,0,1,231.483,Move to random point,0
0,2,0,1,265.325,Move to random point,0
0,2,0,1,227.466,Move to random point,0
0,2,0,1,243.81,Change Room,0
2,4,0,0,329.899,Move to random point,0
2,4,0,0,319.239,Move to random point,0
5,4,0,0,496.901,Change Room,0
0,5,0,0,398.02,Move to random point,0
0,5,0,0,345.017,Move to random point,0
0,2,0,1,354.064,Move to random point,0
0,2,0,1,377.49,Move to random point,0
0,2,0,1,410.305,Move to random point,0
0,2,0,1,364.233,Move to random point,0
0,2,0,1,366.752,Move to random point,0
0,2,0,1,364.969,Change Room,0
4,4,1,0,166.696,Seek,0
5,5,1,0,53.9267,Seek,0
0,5,0,0,398.066,Move to random point,0
0,3,0,0,259.334,Move to random point,0
0,3,0,0,205.198,Move to random point,0
0,3,0,0,128.435,Move to random point,0
0,3,0,0,189.286,Move to random point,0
0,3,0,0,229.107,Move to random point,0
0,3,0,0,243.436,Move to random point,0
0,3,0,0,255.524,Change Room,0
2,4,0,0,366.636,Move to random point,0
2,4,0,0,364.842,Move to random point,0
2,4,0,0,518.359,Change Room,0
0,5,0,0,398.066,Move to random point,0
0,5,0,0,295.61,Move to random point,0
0,5,0,0,261.374,Move to random point,0
0,5,0,0,263.662,Move to random point,0
0,5,0,0,254.456,Move to random point,0
0,5,0,0,391.623,Move to random point,0
0,5,0,0,361.659,Move to random point,0
0,2,0,1,183.403,Change Room,0
2,4,0,0,255.211,Move to random point,0
3,4,0,0,158.117,Change Room,0
3,2,0,1,87.7445,Move to random point,0
2,2,1,0,204.72,Seek,0
0,5,0,0,398.194,Move to random point,0
0,5,0,0,441.971,Move to random point,0
0,5,0,0,485.452,Move to random point,0
0,2,0,1,196.687,Move to random point,0
0,2,0,1,275.382,Move to random point,0
0,2,0,1,306.952,Change Room,0
6,4,0,0,433.527,Move to random point,0
6,4,0,0,445.436,Move to random point,0
6,4,0,0,276.347,Change Room,0
2,2,1,0,10.579,Reset,1
0,5,0,0,398.117,Move to random point,0
0,5,0,0,546.908,Move to random point,0
0,5,0,0,558.53,Move to random point,0
0,2,0,1,369.488,Move to random point,0
0,2,0,1,363.707,Move to random point,0
0,2,0,1,407.705,Change Room,0
3,4,0,0,137.329,Move to random point,0
3,4,0,0,168.747,Move to random point,0
3,4,0,0,54.7254,Move to random point,0
3,4,0,0,262.738,Change Room,0
2,2,1,0,147.72,Seek,0
2,2,1,0,134.959,Seek,0
2,2,1,0,12.5917,Reset,1
0,5,0,0,398.067,Move to random point,0
0,2,0,1,318.904,Move to random point,0
0,2,0,1,428.371,Move to random point,0
0,2,0,1,229.988,Move to random point,0
0,2,0,1,342.58,Move to random point,0
0,2,0,1,225.378,Change Room,0
5,4,0,0,408.387,Move to random point,0
6,4,0,0,335.097,Change Room,0
2,5,0,1,256.073,Move to random point,0
2,2,1,0,10.9816,Reset,1
0,5,0,0,398.245,Move to random point,0
0,5,0,0,492.892,Move to random point,0
0,5,0,0,357.26,Move to random point,0
0,5,0,0,319,Move to random point,0
0,2,0,1,129.963,Move to random point,0
0,2,0,1,163.35,Move to random point,0
5,2,0,1,119.985,Change Room,0
5,5,1,0,10.1544,Reset,1
0,5,0,0,398.197,Move to random point,0
0,2,0,1,316.134,Move to random point,0
0,2,0,1,316.802,Move to random point,0
0,2,0,1,305.516,Move to random point,0
0,2,0,1,336.452,Move to random point,0
0,2,0,1,330.394,Move to random point,0
0,2,0,1,344.266,Change Room,0
1,4,0,0,366.273,Move to random point,0
1,4,0,0,355.101,Move to random point,0
1,4,0,0,592.94,Move to random point,0
2,4,0,0,338.417,Change Room,0
2,2,1,0,37.0908,Seek,0
2,2,1,0,9.99995,Reset,1
0,5,0,0,398.221,Move to random point,0
0,5,0,0,408.915,Move to random point,0
0,3,0,0,242.98,Move to random point,0
0,3,0,0,207.502,Move to random point,0
0,3,0,0,218.041,Move to random point,0
0,3,0,0,191.464,Move to random point,0
0,3,0,0,177.485,Move to random point,0
0,3,0,0,166.38,Change Room,0
4,4,1,0,154.293,Seek,0
4,5,0,1,120.473,Change Room,0
5,5,1,0,226.77,Seek,0
0,5,0,0,398.079,Move to random point,0
0,5,0,0,411.74,Move to random point,0
0,3,0,0,89.9067,Move to random point,0
0,3,0,0,129.836,Move to random point,0
0,3,0,0,181.204,Move to random point,0
0,3,0,0,78.0503,Change Room,0
0,4,0,0,280.825,Move to random point,0
0,4,0,0,464.465,Change Room,0
2,2,1,0,12.1936,Reset,1
0,5,0,0,398.209,Move to random point,0
0,2,0,1,184.8,Move to random point,0
0,2,0,1,244.191,Move to random point,0
0,2,0,1,156.372,Move to random point,0
0,2,0,1,125.069,Move to random point,0
0,2,0,1,346.973,Move to random point,0
0,2,0,1,144.865,Change Room,0
3,4,0,0,221.521,Move to random point,0
3,4,0,0,179.109,Move to random point,0
3,4,0,0,83.2626,Change Room,0
4,5,0,1,181.607,Move to random point,0
4,5,0,1,142.62,Move to random point,0
4,0,0,0,235.185,Change Room,0
0,6,0,0,374.713,Move to random point,0
0,6,0,0,394.161,Move to random point,0
2,6,0,0,503.306,Change Room,0
2,2,1,0,184.925,Seek,0
2,2,1,0,57.0936,Seek,0
2,2,1,0,13.6716,Reset,1
0,5,0,0,398.142,Move to random point,0
0,2,0,1,304.162,Move to random point,0
0,2,0,1,224.595,Move to random point,0
0,2,0,1,227.895,Move to random point,0
0,2,0,1,185.483,Move to random point,0
0,2,0,1,182.886,Move to random point,0
0,2,0,1,355.294,Change Room,0
4,4,1,0,241.523,Seek,0
0,5,0,0,398.126,Move to random point,0
0,5,0,0,306.246,Move to random point,0
0,2,0,1,294.772,Move to random point,0
0,2,0,1,193.074,Move to random point,0
0,2,0,1,205.3,Move to random point,0
0,2,0,1,325.606,Change Room,0
2,4,0,0,276.587,Move to random point,0
2,4,0,0,160.112,Move to random point,0
2,4,0,0,339.473,Move to random point,0
2,4,0,0,382.36,Move to random point,0
1,4,0,0,490.474,Change Room,0
1,2,0,1,182.023,Move to random point,0
1,2,0,1,170.313,Move to random point,0
1,2,0,1,170.853,Move to random point,0
2,2,1,0,223.172,Seek,0
0,5,0,0,398.33,Move to random point,0
0,2,0,1,315.301,Move to random point,0
0,2,0,1,352.908,Move to random point,0
0,2,0,1,284.684,Move to random point,0
0,2,0,1,223.443,Move to random point,0
0,2,0,1,192.153,Move to random point,0
0,2,0,1,183.297,Move to random point,0
0,2,0,1,295.021,Change Room,0
1,4,0,0,515.625,Move to random point,0
1,4,0,0,310.617,Move to random point,0
1,4,0,0,361.796,Move to random point,0
1,4,0,0,310.719,Move to random point,0
2,4,0,0,418.529,Change Room,0
6,5,0,1,293.375,Move to random point,0
6,2,0,0,381.518,Move to random point,0
5,2,0,1,278.491,Change Room,0
0,5,0,0,398.28,Move to random point,0
0,2,0,1,300.385,Move to random point,0
0,2,0,1,315.099,Move to random point,0
0,2,0,1,281.398,Move to random point,0
0,2,0,1,289.31,Move to random point,0
0,2,0,1,304.808,Move to random point,0
0,2,0,1,344.657,Change Room,0
1,4,0,0,335.653,Move to random point,0
1,4,0,0,397.929,Move to random point,0
1,4,0,0,368.027,Move to random point,0
1,4,0,0,310.03,Move to random point,0
5,4,0,0,477.05,Change Room,0
4,5,0,1,123.845,Move to random point,0
4,2,0,0,433.645,Move to random point,0
5,2,0,1,357.307,Move to random point,0
5,2,0,1,372.772,Change Room,0
0,6,0,0,451.735,Move to random point,0
0,6,0,0,499.288,Move to random point,0
0,6,0,0,453.356,Move to random point,0
0,6,0,0,446.501,Change Room,0
0,2,0,1,190.777,Move to random point,0
2,2,1,0,254.224,Seek,0
0,5,0,0,398.238,Move to random point,0
0,5,0,0,448.782,Move to random point,0
0,5,0,0,471.317,Move to random point,0
0,5,0,0,242.791,Move to random point,0
0,5,0,0,387.488,Move to random point,0
0,2,0,1,128.049,Change Room,0
5,5,1,0,11.3249,Reset,1
0,5,0,0,398.261,Move to random point,0
0,5,0,0,450.181,Move to random point,0
0,2,0,1,348.552,Move to random point,0
0,2,0,1,319.501,Move to random point,0
0,2,0,1,290.6,Move to random point,0
0,2,0,1,250.464,Move to random point,0
0,2,0,1,262.456,Move to random point,0
0,2,0,1,320.491,Change Room,0
1,4,0,0,354.842,Move to random point,0
1,4,0,0,351.075,Move to random point,0
1,4,0,0,514.514,Move to random point,0
2,4,0,0,528.379,Change Room,0
2,5,0,1,391.673,Move to random point,0
2,2,1,0,54.4734,Seek,0
2,2,1,0,11.2364,Reset,1
0,5,0,0,398.066,Move to random point,0
0,5,0,0,389.072,Move to random point,0
0,5,0,0,314.64,Move to random point,0
0,5,0,0,400.304,Move to random point,0
0,5,0,0,507.502,Move to random point,0
0,2,0,1,404.324,Move to random point,0
0,2,0,1,197.326,Change Room,0
1,4,0,0,484.636,Move to random point,0
1,4,0,0,382.122,Move to random point,0
1,4,0,0,344.295,Change Room,0
6,2,0,0,412.178,Move to random point,0
6,2,0,0,435.524,Move to random point,0
6,2,0,0,344.923,Change Room,0
0,5,0,0,398.151,Move to random point,0
0,5,0,0,451.185,Move to random point,0
0,5,0,0,270.569,Move to random point,0
0,5,0,0,490.538,Move to random point,0
0,5,0,0,299.716,Move to random point,0
0,5,0,0,359.552,Move to random point,0
0,5,0,0,473.029,Change Room,0
5,4,0,0,208.454,Move to random point,0
5,4,0,0,256.35,Move to random point,0
5,4,0,0,222.372,Move to random point,0
2,4,0,0,388.059,Change Room,0
0,5,0,0,180.299,Move to random point,0
0,5,0,0,523.272,Move to random point,0
0,5,0,0,420.592,Move to random point,0
0,5,0,0,325.988,Move to random point,0
2,5,0,1,340.477,Change Room,0
6,6,1,0,280.791,Seek,0
6,6,1,0,9.97161,Reset,1
0,5,0,0,398.213,Move to random point,0
0,5,0,0,405.839,Move to random point,0
0,5,0,0,378.619,Move to random point,0
0,5,0,0,378.583,Move to random point,0
0,5,0,0,413.524,Move to random point,0
0,5,0,0,410.816,Move to random point,0
0,5,0,0,412.103,Move to random point,0
2,5,0,1,345.922,Change Room,0
3,4,0,0,248.568,Move to random point,0
3,4,0,0,150.927,Move to random point,0
3,4,0,0,171.45,Move to random point,0
3,4,0,0,375.447,Move to random point,0
3,4,0,0,287.294,Move to random point,0
3,4,0,0,46.8632,Move to random point,0
3,4,0,0,113.076,Move to random point,0
2,4,0,0,307.461,Change Room,0
2,2,1,0,80.7173,Seek,0
5,2,0,1,62.1053,Move to random point,0
5,2,0,1,201.812,Move to random point,0
5,2,0,1,123.075,Change Room,0
5,6,0,1,50.5088,Move to random point,0
5,6,0,1,190.665,Move to random point,0
2,6,0,0,264.482,Change Room,0
3,5,0,0,210.135,Move to random point,0
3,5,0,0,83.8479,Move to random point,0
3,5,0,0,237.544,Move to random point,0
2,5,0,1,210.183,Move to random point,0
1,5,0,0,281.839,Change Room,0
1,2,0,1,259.49,Move to random point,0
1,2,0,1,114.602,Move to random point,0
1,2,0,1,177.746,Move to random point,0
1,2,0,1,166.413,Move to random point,0
2,2,1,0,95.8947,Seek,0
0,5,0,0,398.067,Move to random point,0
0,5,0,0,323.745,Move to random point,0
0,2,0,1,201.386,Move to random point,0
0,2,0,1,201.974,Move to random point,0
0,2,0,1,315.229,Move to random point,0
0,2,0,1,158.379,Change Room,0
2,4,0,0,308.791,Move to random point,0
2,4,0,0,197.85,Move to random point,0
1,4,0,0,432.62,Change Room,0
1,5,0,0,331.363,Move to random point,0
1,2,0,1,142.306,Move to random point,0
1,2,0,1,178.381,Move to random point,0
1,2,0,1,231.979,Change Room,0
5,6,0,1,186.354,Move to random point,0
5,6,0,1,198.826,Move to random point,0
5,6,0,1,199.817,Move to random point,0
2,6,0,0,175.726,Change Room,0
0,5,0,0,145.726,Move to random point,0
0,2,0,1,358.688,Move to random point,0
0,2,0,1,218.077,Move to random point,0
0,2,0,1,237.902,Change Room,0
2,2,1,0,85.5894,Seek,0
0,5,0,0,398.177,Move to random point,0
0,5,0,0,486.723,Move to random point,0
0,2,0,1,201.512,Move to random point,0
0,2,0,1,366.607,Move to random point,0
0,2,0,1,204.713,Move to random point,0
0,2,0,1,264.427,Change Room,0
6,4,0,0,448.97,Move to random point,0
6,4,0,0,224.279,Change Room,0
0,5,0,0,398.043,Move to random point,0
0,5,0,0,304.266,Move to random point,0
0,5,0,0,333.747,Move to random point,0
0,5,0,0,331.431,Move to random point,0
0,5,0,0,390.082,Move to random point,0
0,5,0,0,244.906,Move to random point,0
0,5,0,0,571.226,Move to random point,0
0,3,0,0,126.158,Change Room,0
5,4,0,0,319.188,Move to random point,0
2,4,0,0,472.633,Change Room,0
2,2,1,0,199.356,Seek,0
0,5,0,0,398.086,Move to random point,0
0,2,0,1,226.397,Move to random point,0
0,2,0,1,295.429,Move to random point,0
0,2,0,1,329.549,Move to random point,0
0,2,0,1,211.437,Move to random point,0
0,2,0,1,298.959,Move to random point,0
0,2,0,1,297.549,Change Room,0
4,4,1,0,241.006,Seek,0
0,5,0,0,398.045,Move to random point,0
0,5,0,0,266.129,Move to random point,0
0,5,0,0,367.976,Move to random point,0
0,5,0,0,263.796,Move to random point,0
0,5,0,0,251.973,Move to random point,0
0,2,0,1,282.558,Move to random point,0
0,2,0,1,297.45,Move to random point,0
0,2,0,1,133.411,Change Room,0
3,4,0,0,188.146,Move to random point,0
2,4,0,0,274.312,Change Room,0
0,5,0,0,501.429,Move to random point,0
2,0,0,0,133.426,Move to random point,0
0,5,0,0,398.135,Move to random point,0
0,2,0,1,282.623,Move to random point,0
0,2,0,1,315.942,Move to random point,0
0,2,0,1,416.712,Move to random point,0
0,2,0,1,244.551,Move to random point,0
0,2,0,1,421.386,Move to random point,0
0,2,0,1,156.583,Change Room,0
5,4,0,0,202.622,Move to random point,0
5,4,0,0,234.93,Move to random point,0
5,4,0,0,335.517,Move to random point,0
2,4,0,0,285.768,Change Room,0
0,2,0,1,415.851,Move to random point,0
0,2,0,1,284.562,Move to random point,0
0,2,0,1,350.193,Change Room,0
1,6,0,0,420.377,Move to random point,0
1,6,0,0,511.939,Move to random point,0
1,6,0,0,494.847,Move to random point,0
1,6,0,0,551.192,Change Room,0
2,5,0,1,320.363,Move to random point,0
2,5,0,1,258.344,Move to random point,0
2,5,0,1,123.824,Move to random point,0
2,5,0,1,299.21,Move to random point,0
2,5,0,1,257.968,Change Room,0
2,2,1,0,166.981,Seek,0
2,2,1,0,78.8542,Seek,0
2,2,1,0,9.8416,Reset,1
0,5,0,0,398.169,Move to random point,0
0,2,0,1,280.22,Move to random point,0
0,2,0,1,160.956,Move to random point,0
0,2,0,1,160.133,Move to random point,0
0,2,0,1,291.847,Move to random point,0
0,2,0,1,163.546,Change Room,0
6,4,0,0,458.97,Move to random point,0
6,4,0,0,281.834,Change Room,0
5,2,0,1,232.477,Move to random point,0
2,2,1,0,209.96,Seek,0
5,2,0,1,167.313,Change Room,0
5,6,0,1,245.32,Move to random point,0
5,6,0,1,116.968,Move to random point,0
5,6,0,1,194.638,Move to random point,0
2,6,0,0,290.233,Change Room,0
0,5,0,0,340.619,Move to random point,0
0,5,0,0,385.359,Move to random point,0
0,5,0,0,253.034,Move to random point,0
0,2,0,1,316.037,Move to random point,0
2,2,1,0,112.558,Seek,0
0,5,0,0,398.075,Move to random point,0
0,5,0,0,248.275,Move to random point,0
0,5,0,0,448.497,Move to random point,0
0,5,0,0,536.384,Move to random point,0
0,5,0,0,414.237,Move to random point,0
0,5,0,0,494.551,Move to random point,0
0,2,0,1,295.974,Change Room,0
4,4,1,0,102.682,Seek,0
0,5,0,0,398.235,Move to random point,0
0,2,0,1,237.653,Move to random point,0
0,2,0,1,327.509,Move to random point,0
0,2,0,1,326.83,Move to random point,0
0,2,0,1,256.174,Move to random point,0
0,2,0,1,294.918,Move to random point,0
0,2,0,1,259.01,Move to random point,0
0,2,0,1,326.998,Change Room,0
6,4,0,0,463.731,Move to random point,0
6,4,0,0,338.645,Move to random point,0
6,4,0,0,392.27,Move to random point,0
6,4,0,0,354.213,Change Room,0
2,2,1,0,10.0441,Reset,1
0,5,0,0,398.162,Move to random point,0
0,2,0,1,373.616,Move to random point,0
0,2,0,1,398.111,Move to random point,0
0,2,0,1,252.016,Move to random point,0
0,2,0,1,187.811,Move to random point,0
0,2,0,1,282.507,Move to random point,0
0,2,0,1,385.486,Move to random point,0
0,2,0,1,231.638,Change Room,0
2,4,0,0,478.445,Move to random point,0
5,4,0,0,376.576,Change Room,0
6,5,0,1,296.04,Move to random point,0
6,5,0,1,175.874,Move to random point,0
6,5,0,1,288.078,Move to random point,0
5,5,1,0,97.5486,Seek,0
0,5,0,0,398.017,Move to random point,0
0,2,0,1,334.022,Move to random point,0
0,2,0,1,262.909,Move to random point,0
0,2,0,1,258.31,Move to random point,0
0,2,0,1,254.605,Move to random point,0
0,2,0,1,314.909,Change Room,0
5,4,0,0,295.441,Move to random point,0
4,4,1,0,165.943,Seek,0
0,5,0,0,398.092,Move to random point,0
0,5,0,0,379.339,Move to random point,0
0,5,0,0,379.216,Move to random point,0
0,5,0,0,318.266,Move to random point,0
0,5,0,0,338.379,Move to random point,0
0,2,0,1,152.59,Change Room,0
6,4,0,0,473.624,Move to random point,0
5,4,0,0,353.92,Change Room,0
1,5,0,0,332.6,Move to random point,0
1,2,0,1,218.629,Move to random point,0
1,2,0,1,257.304,Move to random point,0
5,2,0,1,23.3721,Change Room,0
5,5,1,0,10.3729,Reset,1
0,5,0,0,398.332,Move to random point,0
0,5,0,0,341.47,Move to random point,0
0,5,0,0,371.508,Move to random point,0
0,5,0,0,455.749,Move to random point,0
0,5,0,0,294.445,Move to random point,0
0,2,0,1,183.565,Change Room,0
3,4,0,0,165.272,Move to random point,0
3,4,0,0,169.658,Move to random point,0
2,4,0,0,79.4976,Move to random point,0
5,4,0,0,403.947,Change Room,0
6,5,0,1,188.514,Move to random point,0
6,2,0,0,390.146,Move to random point,0
5,2,0,1,436.511,Move to random point,0
2,2,1,0,226.108,Seek,0
0,5,0,0,398.045,Move to random point,0
0,2,0,1,247.92,Move to random point,0
0,2,0,1,403.513,Move to random point,0
0,2,0,1,229.689,Move to random point,0
0,2,0,1,205.115,Move to random point,0
0,2,0,1,261.022,Change Room,0
5,4,0,0,368.571,Move to random point,0
2,4,0,0,309.182,Change Room,0
2,5,0,1,314.861,Move to random point,0
2,5,0,1,242.97,Move to random point,0
2,5,0,1,155.17,Move to random point,0
2,2,1,0,219.736,Seek,0
2,2,1,0,12.5183,Reset,1
0,5,0,0,398.105,Move to random point,0
0,5,0,0,424.16,Move to random point,0
0,5,0,0,413.037,Move to random point,0
0,5,0,0,356.532,Move to random point,0
0,5,0,0,460.366,Move to random point,0
2,2,1,0,294.103,Seek,0
0,5,0,0,398.127,Move to random point,0
0,5,0,0,409.904,Move to random point,0
0,2,0,1,213.398,Move to random point,0
0,2,0,1,347.532,Move to random point,0
0,2,0,1,205.58,Change Room,0
2,4,0,0,316.121,Move to random point,0
0,4,0,0,210.939,Change Room,0
0,2,0,1,164.427,Move to random point,0
0,2,0,1,181.713,Move to random point,0
2,2,1,0,161.301,Seek,0
0,5,0,0,398.078,Move to random point,0
0,5,0,0,302.572,Move to random point,0
0,2,0,1,193.255,Move to random point,0
0,2,0,1,184.512,Move to random point,0
0,2,0,1,273.743,Change Room,0
5,4,0,0,219.079,Move to random point,0
2,4,0,0,315.044,Move to random point,0
2,4,0,0,300.304,Change Room,0
0,5,0,0,398.008,Move to random point,0
0,2,0,1,243.627,Move to random point,0
0,2,0,1,180.216,Move to random point,0
0,2,0,1,179.135,Move to random point,0
0,2,0,1,315.185,Move to random point,0
0,2,0,1,178.718,Move to random point,0
0,2,0,1,120.053,Move to random point,0
0,2,0,1,139.333,Change Room,0
1,4,0,0,545.497,Move to random point,0
2,4,0,0,569.508,Change Room,0
0,5,0,0,266.972,Move to random point,0
0,5,0,0,254.9,Move to random point,0
0,2,0,1,176.432,Move to random point,0
2,2,1,0,236.575,Seek,0
0,5,0,0,398.144,Move to random point,0
0,2,0,1,345.466,Move to random point,0
0,2,0,1,367.627,Move to random point,0
0,2,0,1,350.867,Move to random point,0
0,2,0,1,199.937,Move to random point,0
0,2,0,1,385.176,Move to random point,0
0,2,0,1,340.433,Move to random point,0
0,2,0,1,137.093,Change Room,0
1,4,0,0,377.474,Move to random point,0
2,4,0,0,516.99,Move to random point,0
2,4,0,0,422.402,Change Room,0
0,2,0,1,141.896,Move to random point,0
2,2,1,0,198.669,Seek,0
0,5,0,0,398.162,Move to random point,0
0,5,0,0,499.437,Move to random point,0
0,2,0,1,263.56,Move to random point,0
0,2,0,1,292.02,Move to random point,0
0,2,0,1,320.456,Move to random point,0
0,2,0,1,203.638,Move to random point,0
0,2,0,1,294.493,Move to random point,0
0,2,0,1,162.517,Change Room,0
2,4,0,0,402.089,Move to random point,0
2,4,0,0,198.845,Change Room,0
4,5,0,1,113.468,Move to random point,0
4,5,0,1,437.668,Move to random point,0
4,2,0,0,250.014,Change Room,0
2,6,0,0,327.218,Move to random point,0
2,6,0,0,374.42,Change Room,0
3,2,0,1,253.592,Move to random point,0
3,2,0,1,175.653,Move to random point,0
3,2,0,1,267.38,Move to random point,0
2,2,1,0,49.4108,Seek,0
0,5,0,0,398.076,Move to random point,0
0,5,0,0,300.632,Move to random point,0
0,5,0,0,498.922,Move to random point,0
0,5,0,0,338.134,Move to random point,0
0,5,0,0,318.06,Move to random point,0
0,2,0,1,247.435,Change Room,0
2,4,0,0,420.305,Move to random point,0
2,4,0,0,281.59,Move to random point,0
2,4,0,0,279.065,Change Room,0
2,2,1,0,10.2387,Reset,1
0,5,0,0,398.279,Move to random point,0
0,2,0,1,246.469,Move to random point,0
0,2,0,1,181.946,Move to random point,0
0,2,0,1,233.102,Move to random point,0
0,2,0,1,337.605,Move to random point,0
0,2,0,1,307.863,Move to random point,0
0,2,0,1,250.06,Move to random point,0
2,2,1,0,170.714,Seek,0
0,5,0,0,398.2,Move to random point,0
0,5,0,0,480.075,Move to random point,0
0,5,0,0,512.876,Move to random point,0
0,5,0,0,367.006,Move to random point,0
0,5,0,0,368.805,Move to random point,0
0,2,0,1,270.75,Move to random point,0
0,2,0,1,250.479,Move to random point,0
0,2,0,1,210.092,Change Room,0
0,4,0,0,332.793,Move to random point,0
0,4,0,0,293.513,Move to random point,0
0,4,0,0,275.162,Move to random point,0
0,4,0,0,344.664,Change Room,0
1,5,0,0,272.781,Move to random point,0
1,2,0,1,124.295,Move to random point,0
1,2,0,1,238.505,Move to random point,0
1,2,0,1,218.931,Change Room,0
5,6,0,1,329.822,Move to random point,0
4,6,0,0,363.618,Move to random point,0
4,6,0,0,296.331,Change Room,0
2,2,1,0,136.318,Seek,0
0,2,0,1,267.051,Change Room,0
0,2,0,1,168.257,Move to random point,0
2,2,1,0,209.562,Seek,0
0,5,0,0,398.072,Move to random point,0
0,2,0,1,282.673,Move to random point,0
0,2,0,1,198.145,Move to random point,0
0,2,0,1,186.374,Move to random point,0
0,2,0,1,289.682,Move to random point,0
0,2,0,1,267.773,Move to random point,0
2,2,1,0,307.551,Seek,0
0,5,0,0,398.236,Move to random point,0
0,2,0,1,206.863,Move to random point,0
0,2,0,1,345.719,Move to random point,0
0,2,0,1,379.333,Move to random point,0
0,2,0,1,165.482,Move to random point,0
0,2,0,1,268.418,Change Room,0
3,4,0,0,68.2777,Move to random point,0
2,4,0,0,275.425,Move to random point,0
2,4,0,0,392.847,Change Room,0
2,2,1,0,55.6522,Seek,0
2,2,1,0,55.1444,Seek,0
5,2,0,1,71.8177,Change Room,0
5,5,1,0,10.7414,Reset,1
0,5,0,0,398.128,Move to random point,0
0,2,0,1,166.501,Move to random point,0
0,2,0,1,148.163,Move to random point,0
0,2,0,1,318,Move to random point,0
0,2,0,1,53.321,Change Room,0
3,4,0,0,121.225,Move to random point,0
3,4,0,0,243.294,Move to random point,0
3,4,0,0,118.753,Change Room,0
5,5,1,0,247.383,Seek,0
2,2,1,0,40.4366,Seek,0
5,5,1,0,41.4618,Seek,0
0,5,0,0,398.248,Move to random point,0
0,5,0,0,279.701,Move to random point,0
0,2,0,1,360.021,Move to random point,0
0,2,0,1,252.955,Move to random point,0
0,2,0,1,306.016,Move to random point,0
0,2,0,1,162.454,Change Room,0
4,4,1,0,129.072,Seek,0
5,4,0,0,50.9479,Change Room,0
5,5,1,0,10.8541,Reset,1
0,5,0,0,398.198,Move to random point,0
0,2,0,1,106.422,Move to random point,0
0,2,0,1,315.069,Move to random point,0
0,2,0,1,234.54,Move to random point,0
0,2,0,1,290.839,Change Room,0
2,4,0,0,234.46,Move to random point,0
2,4,0,0,211.291,Move to random point,0
2,4,0,0,297.606,Move to random point,0
0,4,0,0,191.033,Change Room,0
0,2,0,1,188.046,Move to random point,0
0,2,0,1,242.532,Move to random point,0
0,2,0,1,222.581,Change Room,0
0,6,0,0,581.955,Move to random point,0
0,6,0,0,526.421,Move to random point,0
2,6,0,0,500.005,Change Room,0
2,5,0,1,160.716,Move to random point,0
2,2,1,0,12.0218,Reset,1
0,5,0,0,398.177,Move to random point,0
0,5,0,0,415.873,Move to random point,0
0,5,0,0,356.317,Move to random point,0
0,5,0,0,420.051,Move to random point,0
0,5,0,0,207.091,Move to random point,0
0,5,0,0,468.67,Move to random point,0
0,5,0,0,471.215,Move to random point,0
0,5,0,0,258.82,Move to random point,0
2,5,0,1,279.673,Change Room,0
1,4,0,0,462.179,Move to random point,0
1,4,0,0,409.794,Move to random point,0
1,4,0,0,515.174,Move to random point,0
2,4,0,0,548.528,Move to random point,0
2,4,0,0,556.979,Change Room,0
5,5,1,0,32.329,Seek,0
0,5,0,0,398.314,Move to random point,0
0,5,0,0,373.21,Move to random point,0
0,5,0,0,310.811,Move to random point,0
0,2,0,1,176.274,Move to random point,0
0,2,0,1,432.89,Move to random point,0
0,2,0,1,230.973,Change Room,0
2,4,0,0,405.17,Move to random point,0
2,4,0,0,507.562,Move to random point,0
2,4,0,0,526.34,Move to random point,0
1,4,0,0,385.894,Change Room,0
1,5,0,0,303.45,Move to random point,0
2,0,0,0,230.971,Change Room,0
2,6,0,0,441.666,Move to random point,0
2,6,0,0,351.433,Move to random point,0
5,6,0,1,343.637,Change Room,0
4,5,0,1,135.554,Move to random point,0
4,5,0,1,199.235,Move to random point,0
4,2,0,0,446.74,Move to random point,0
4,2,0,0,471.128,Change Room,0
5,2,0,1,411.054,Move to random point,0
5,2,0,1,333.199,Move to random point,0
2,2,1,0,78.7759,Seek,0
0,5,0,0,398.205,Move to random point,0
0,2,0,1,285.917,Move to random point,0
0,2,0,1,190.195,Move to random point,0
0,2,0,1,294.677,Move to random point,0
0,2,0,1,229.829,Move to random point,0
0,2,0,1,286.578,Move to random point,0
0,2,0,1,203.146,Change Room,0
2,4,0,0,393.767,Move to random point,0
2,4,0,0,367.889,Move to random point,0
5,4,0,0,340.873,Change Room,0
2,5,0,1,161.151,Move to random point,0
5,2,0,1,31.0158,Change Room,0
5,5,1,0,13.0248,Reset,1
0,5,0,0,398.092,Move to random point,0
0,5,0,0,376.773,Move to random point,0
0,2,0,1,279.333,Move to random point,0
0,2,0,1,358.585,Move to random point,0
0,2,0,1,243.221,Move to random point,0
0,2,0,1,212.956,Move to random point,0
0,2,0,1,250.131,Change Room,0
1,4,0,0,397.493,Move to random point,0
2,4,0,0,500.901,Change Room,0
2,5,0,1,225.32,Move to random point,0
5,2,0,1,157.102,Move to random point,0
5,2,0,1,94.5878,Move to random point,0
6,2,0,0,271.881,Change Room,0
0,5,0,0,398.131,Move to random point,0
0,5,0,0,536.383,Move to random point,0
0,5,0,0,321.592,Move to random point,0
0,5,0,0,380.507,Move to random point,0
0,2,0,1,231.049,Move to random point,0
0,2,0,1,181.124,Change Room,0
0,4,0,0,302.182,Move to random point,0
0,4,0,0,286.272,Move to random point,0
0,4,0,0,361.256,Change Room,0
3,5,0,0,334.091,Move to random point,0
3,2,0,1,281.502,Move to random point,0
3,2,0,1,285.909,Move to random point,0
3,2,0,1,78.4536,Move to random point,0
3,2,0,1,79.4717,Change Room,0
4,6,0,0,299.999,Move to random point,0
4,6,0,0,149.276,Move to random point,0
4,6,0,0,317.235,Change Room,0
5,2,0,1,120.979,Move to random point,0
5,2,0,1,158.952,Move to random point,0
5,2,0,1,107.624,Change Room,0
6,2,0,0,216.622,Move to random point,0
6,2,0,0,371.952,Move to random point,0
6,2,0,0,336.813,Move to random point,0
6,2,0,0,365.604,Move to random point,0
6,2,0,0,376.842,Move to random point,0
6,2,0,0,322.072,Move to random point,0
6,2,0,0,424.704,Move to random point,0
6,2,0,0,427.428,Move to random point,0
6,2,0,0,356.803,Change Room,0
2,1,0,1,287.105,Move to random point,0
2,1,0,1,251.402,Move to random point,0
2,1,0,1,218.52,Move to random point,0
2,1,0,1,248.271,Move to random point,0
2,1,0,1,218.277,Move to random point,0
2,1,0,1,223.177,Change Room,0
5,2,0,1,175.775,Move to random point,0
5,2,0,1,173.089,Move to random point,0
5,2,0,1,232.241,Move to random point,0
5,2,0,1,254.93,Move to random point,0
2,2,1,0,170.593,Seek,0
1,5,0,0,199.156,Change Room,0
2,3,0,1,248.444,Move to random point,0
2,3,0,1,259.254,Move to random point,0
2,3,0,1,296.082,Move to random point,0
2,3,0,1,281.509,Move to random point,0
5,3,0,0,260.384,Move to random point,0
5,3,0,0,266.314,Move to random point,0
5,3,0,0,261.255,Change Room,0
6,2,0,0,316.319,Move to random point,0
6,2,0,0,452.631,Move to random point,0
5,2,0,1,424.488,Move to random point,0
5,2,0,1,429.488,Move to random point,0
2,2,1,0,173.322,Seek,0
0,5,0,0,398.039,Move to random point,0
0,2,0,1,258.804,Move to random point,0
0,2,0,1,255.074,Move to random point,0
0,2,0,1,140.575,Move to random point,0
0,2,0,1,159.888,Move to random point,0
0,2,0,1,126.976,Move to random point,0
0,2,0,1,153.737,Move to random point,0
0,2,0,1,273.754,Change Room,0
5,4,0,0,357.462,Move to random point,0
2,4,0,0,342.933,Move to random point,0
2,4,0,0,406.219,Change Room,0
6,5,0,1,199.916,Move to random point,0
6,5,0,1,211.848,Move to random point,0
6,5,0,1,171.086,Move to random point,0
6,5,0,1,178.052,Change Room,0
0,5,0,0,398.068,Move to random point,0
0,5,0,0,182.47,Move to random point,0
0,5,0,0,438.54,Move to random point,0
0,2,0,1,161.121,Move to random point,0
0,2,0,1,201.826,Move to random point,0
0,2,0,1,159.57,Change Room,0
2,4,0,0,339.653,Move to random point,0
1,4,0,0,421.954,Move to random point,0
1,4,0,0,449.797,Change Room,0
1,5,0,0,309.61,Move to random point,0
1,5,0,0,398.83,Move to random point,0
2,2,1,0,207.283,Seek,0
3,2,0,1,247.511,Change Room,0
3,6,0,0,391.252,Move to random point,0
2,6,0,0,349.24,Move to random point,0
2,6,0,0,305.318,Move to random point,0
0,6,0,0,493.897,Move to random point,0
0,6,0,0,552.897,Change Room,0
0,2,0,1,324.707,Move to random point,0
2,2,1,0,145.095,Seek,0
0,5,0,0,398.105,Move to random point,0
0,5,0,0,342.108,Move to random point,0
0,5,0,0,311.306,Move to random point,0
0,2,0,1,236.77,Move to random point,0
0,2,0,1,369.361,Move to random point,0
0,2,0,1,76.3388,Change Room,0
3,4,0,0,444.068,Move to random point,0
2,4,0,0,307.156,Change Room,0
5,5,1,0,236.874,Seek,0
0,5,0,0,398.071,Move to random point,0
0,3,0,0,241.474,Move to random point,0
0,3,0,0,103.094,Move to random point,0
0,3,0,0,90.0089,Move to random point,0
0,3,0,0,219.864,Change Room,0
2,4,0,0,449.247,Move to random point,0
2,4,0,0,314.524,Move to random point,0
5,4,0,0,450.206,Change Room,0
5,5,1,0,91.0539,Seek,0
5,5,1,0,112.54,Seek,0
5,5,1,0,90.701,Seek,0
5,5,1,0,104.848,Seek,0
2,5,0,1,17.9582,Move to random point,0
2,2,1,0,10.1919,Reset,1
0,5,0,0,398.144,Move to random point,0
0,5,0,0,414.761,Move to random point,0
0,5,0,0,308.674,Move to random point,0
0,5,0,0,407.543,Move to random point,0
0,2,0,1,278.66,Move to random point,0
0,2,0,1,225.192,Move to random point,0
0,2,0,1,227.691,Change Room,0
5,5,1,0,10.2371,Reset,1
0,5,0,0,398.136,Move to random point,0
0,5,0,0,400.334,Move to random point,0
0,2,0,1,398.885,Move to random point,0
0,2,0,1,212.154,Move to random point,0
0,2,0,1,210.54,Move to random point,0
0,2,0,1,207.265,Change Room,0
6,4,0,0,352.19,Move to random point,0
6,4,0,0,405.747,Move to random point,0
6,4,0,0,469.133,Change Room,0
3,3,1,0,44.795,Seek,0
0,5,0,0,398.054,Move to random point,0
0,5,0,0,229.31,Move to random point,0
0,5,0,0,442.952,Move to random point,0
0,2,0,1,278.863,Move to random point,0
0,2,0,1,271.582,Move to random point,0
0,2,0,1,226.061,Move to random point,0
0,2,0,1,220.233,Change Room,0
6,4,0,0,351.556,Move to random point,0
6,4,0,0,338.081,Move to random point,0
6,4,0,0,387.552,Move to random point,0
6,4,0,0,301.461,Change Room,0
0,5,0,0,398.193,Move to random point,0
0,5,0,0,520.981,Move to random point,0
0,5,0,0,430.342,Move to random point,0
0,2,0,1,120.017,Move to random point,0
0,2,0,1,146.2,Change Room,0
5,5,1,0,11.7487,Reset,1
0,5,0,0,398.329,Move to random point,0
0,5,0,0,482.235,Move to random point,0
0,5,0,0,551.906,Move to random point,0
0,5,0,0,294.09,Move to random point,0
0,5,0,0,492.916,Move to random point,0
0,5,0,0,291.643,Change Room,0
3,4,0,0,302.228,Move to random point,0
3,4,0,0,401.039,Move to random point,0
2,4,0,0,97.9065,Change Room,0
2,5,0,1,236.661,Move to random point,0
2,5,0,1,142.174,Move to random point,0
2,5,0,1,179.231,Move to random point,0
3,5,0,0,166.494,Move to random point,0
3,3,1,0,105.045,Seek,0
3,3,1,0,10.0068,Reset,1
0,5,0,0,398.066,Move to random point,0
0,5,0,0,325.299,Move to random point,0
0,2,0,1,331.371,Move to random point,0
0,2,0,1,152.999,Move to random point,0
0,2,0,1,113.708,Move to random point,0
0,2,0,1,264.171,Move to random point,0
2,2,1,0,361.149,Seek,0
0,5,0,0,398.297,Move to random point,0
0,5,0,0,451.992,Move to random point,0
0,2,0,1,343.083,Move to random point,0
0,2,0,1,311.704,Move to random point,0
0,2,0,1,287.395,Move to random point,0
0,2,0,1,228.77,Move to random point,0
0,2,0,1,340.531,Change Room,0
3,4,0,0,275.412,Move to random point,0
3,4,0,0,388.433,Change Room,0
5,5,1,0,180.238,Seek,0
0,5,0,0,398.105,Move to random point,0
0,5,0,0,314.979,Move to random point,0
0,5,0,0,446.108,Move to random point,0
0,5,0,0,379.08,Move to random point,0
0,5,0,0,254.078,Move to random point,0
0,5,0,0,321.497,Move to random point,0
5,5,1,0,276.164,Seek,0
0,5,0,0,398.299,Move to random point,0
0,5,0,0,377.143,Move to random point,0
0,5,0,0,448.385,Move to random point,0
0,5,0,0,266.873,Move to random point,0
0,2,0,1,178.788,Move to random point,0
0,2,0,1,219.63,Move to random point,0
0,2,0,1,208.257,Change Room,0
3,4,0,0,36.7899,Move to random point,0
3,4,0,0,129.35,Move to random point,0
5,4,0,0,352.669,Change Room,0
0,5,0,0,398.071,Move to random point,0
0,5,0,0,491.702,Move to random point,0
0,2,0,1,429.388,Move to random point,0
0,2,0,1,141.407,Move to random point,0
0,2,0,1,289.293,Change Room,0
0,5,0,0,398.296,Move to random point,0
0,2,0,1,449.475,Move to random point,0
0,2,0,1,445.659,Move to random point,0
0,2,0,1,286.197,Move to random point,0
0,2,0,1,317.918,Move to random point,0
0,2,0,1,314.222,Move to random point,0
0,2,0,1,283.27,Move to random point,0
0,2,0,1,292.973,Change Room,0
4,4,1,0,273.198,Seek,0
0,5,0,0,398.066,Move to random point,0
0,2,0,1,233.306,Move to random point,0
0,2,0,1,239.704,Move to random point,0
0,2,0,1,312.543,Move to random point,0
0,2,0,1,134.274,Move to random point,0
0,2,0,1,254.469,Change Room,0
6,4,0,0,393.572,Move to random point,0
5,4,0,0,358.33,Change Room,0
2,5,0,1,100.871,Move to random point,0
2,2,1,0,207.163,Seek,0
2,2,1,0,159.555,Seek,0
1,2,0,1,28.7283,Change Room,0
1,6,0,0,590.7,Move to random point,0
2,6,0,0,499.668,Change Room,0
2,5,0,1,226.299,Move to random point,0
2,2,1,0,139.603,Seek,0
2,2,1,0,12.4384,Reset,1
0,5,0,0,398.067,Move to random point,0
0,2,0,1,380.099,Move to random point,0
0,2,0,1,400.502,Move to random point,0
0,2,0,1,278.9,Move to random point,0
0,2,0,1,232.815,Move to random point,0
0,2,0,1,176.012,Move to random point,0
0,2,0,1,382.361,Change Room,0
6,4,0,0,444.736,Move to random point,0
6,4,0,0,323.297,Change Room,0
2,2,1,0,10.7237,Reset,1
0,5,0,0,398.234,Move to random point,0
0,5,0,0,413.567,Move to random point,0
0,5,0,0,242.908,Move to random point,0
0,5,0,0,464.826,Move to random point,0
0,2,0,1,252.889,Change Room,0
2,4,0,0,350.705,Move to random point,0
2,4,0,0,453.756,Move to random point,0
2,4,0,0,531.693,Change Room,0
0,5,0,0,398.067,Move to random point,0
0,5,0,0,280.939,Move to random point,0
0,5,0,0,408.945,Move to random point,0
0,5,0,0,405.496,Move to random point,0
0,2,0,1,305.933,Move to random point,0
0,2,0,1,431.237,Move to random point,0
0,2,0,1,361.301,Change Room,0
5,4,0,0,372.511,Move to random point,0
4,4,1,0,188.809,Seek,0
0,5,0,0,398.327,Move to random point,0
0,3,0,0,145.656,Move to random point,0
0,3,0,0,141.197,Move to random point,0
0,3,0,0,166.176,Move to random point,0
0,3,0,0,117.166,Move to random point,0
0,3,0,0,87.6842,Change Room,0
3,4,0,0,81.516,Change Room,0
2,3,0,1,231.221,Change Room,0
1,6,0,0,503.265,Move to random point,0
2,6,0,0,465.105,Change Room,0
0,2,0,1,160.584,Move to random point,0
0,2,0,1,301.298,Move to random point,0
0,2,0,1,224.294,Move to random point,0
0,2,0,1,217.97,Change Room,0
0,2,0,1,214.954,Move to random point,0
2,2,1,0,191.659,Seek,0
2,0,0,0,121.285,Move to random point,0
2,0,0,0,322.539,Move to random point,0
2,0,0,0,357.744,Move to random point,0
2,0,0,0,371.057,Move to random point,0
2,0,0,0,249.973,Move to random point,0
2,0,0,0,219.895,Move to random point,0
2,0,0,0,258.958,Change Room,0
3,1,0,0,189.855,Move to random point,0
3,1,0,0,273.591,Move to random point,0
3,1,0,0,185.281,Change Room,0
0,2,0,1,281.112,Move to random point,0
0,2,0,1,385.091,Move to random point,0
0,2,0,1,164.578,Move to random point,0
0,2,0,1,264.996,Change Room,0
2,3,0,1,124.641,Move to random point,0
2,3,0,1,58.9696,Move to random point,0
5,3,0,0,157.323,Move to random point,0
5,3,0,0,251.262,Move to random point,0
6,3,0,0,266.481,Move to random point,0
6,3,0,0,398.859,Move to random point,0
6,3,0,0,388.655,Move to random point,0
6,3,0,0,366.633,Change Room,0
5,2,0,1,267.545,Move to random point,0
5,2,0,1,101.958,Move to random point,0
5,2,0,1,232.603,Move to random point,0
5,2,0,1,228.605,Move to random point,0
2,2,1,0,82.9675,Seek,0
0,5,0,0,398.115,Move to random point,0
0,2,0,1,414.269,Move to random point,0
0,2,0,1,371.191,Move to random point,0
0,2,0,1,135.834,Move to random point,0
0,2,0,1,346.806,Move to random point,0
0,2,0,1,363.695,Change Room,0
2,4,0,0,354.246,Move to random point,0
2,4,0,0,459.342,Move to random point,0
2,4,0,0,258.519,Move to random point,0
2,4,0,0,460.179,Change Room,0
0,5,0,0,302.498,Move to random point,0
0,5,0,0,268.71,Move to random point,0
0,5,0,0,232.679,Move to random point,0
0,2,0,1,145.335,Move to random point,0
0,2,0,1,161.834,Change Room,0
6,6,1,0,148.105,Seek,0
6,6,1,0,44.8471,Seek,0
6,6,1,0,23.0985,Seek,0
6,6,1,0,20.9532,Seek,0
0,5,0,0,398.149,Move to random point,0
0,5,0,0,480.66,Move to random point,0
0,5,0,0,362.423,Move to random point,0
0,2,0,1,174.193,Move to random point,0
0,2,0,1,276.179,Change Room,0
6,4,0,0,351.839,Move to random point,0
6,4,0,0,361.308,Change Room,0
2,5,0,1,233.053,Move to random point,0
2,5,0,1,101.634,Move to random point,0
2,5,0,1,265.327,Move to random point,0
2,5,0,1,102.454,Change Room,0
0,6,0,0,476.057,Move to random point,0
0,6,0,0,651.103,Change Room,0
2,5,0,1,395.033,Move to random point,0
1,2,0,1,225.142,Move to random point,0
1,2,0,1,194.72,Move to random point,0
1,2,0,1,154.442,Change Room,0
1,2,0,1,258.41,Move to random point,0
2,2,1,0,132,Seek,0
0,5,0,0,398.091,Move to random point,0
0,5,0,0,306.593,Move to random point,0
0,2,0,1,237.029,Move to random point,0
0,2,0,1,289.956,Move to random point,0
0,2,0,1,165.215,Move to random point,0
0,2,0,1,286.75,Change Room,0
6,4,0,0,345.32,Move to random point,0
6,4,0,0,332.69,Move to random point,0
6,4,0,0,434.898,Move to random point,0
5,4,0,0,377.347,Change Room,0
0,5,0,0,169.175,Move to random point,0
0,5,0,0,225.928,Move to random point,0
0,2,0,1,281.649,Move to random point,0
2,2,1,0,192.851,Seek,0
0,5,0,0,398.288,Move to random point,0
0,3,0,0,190.555,Move to random point,0
0,3,0,0,184.539,Move to random point,0
0,3,0,0,141.284,Move to random point,0
0,3,0,0,258.778,Move to random point,0
0,3,0,0,239.448,Move to random point,0
2,3,0,1,178.456,Change Room,0
1,4,0,0,339.732,Move to random point,0
1,4,0,0,291.652,Move to random point,0
2,4,0,0,307.928,Change Room,0
0,5,0,0,312.727,Move to random point,0
0,5,0,0,370.306,Move to random point,0
0,5,0,0,238.567,Move to random point,0
2,5,0,1,223.528,Change Room,0
4,6,0,0,230.281,Move to random point,0
4,6,0,0,222.253,Move to random point,0
4,6,0,0,276.93,Move to random point,0
4,6,0,0,328.636,Move to random point,0
5,6,0,1,243.722,Change Room,0
6,2,0,0,325.369,Move to random point,0
6,2,0,0,468.514,Move to random point,0
6,2,0,0,456.706,Move to random point,0
5,2,0,1,386.816,Change Room,0
5,2,0,1,327.012,Move to random point,0
4,2,0,0,270.593,Move to random point,0
4,2,0,0,321.319,Move to random point,0
4,2,0,0,292.323,Move to random point,0
4,2,0,0,492.298,Move to random point,0
4,2,0,0,366.686,Move to random point,0
4,2,0,0,338.956,Move to random point,0
4,2,0,0,412.819,Move to random point,0
4,2,0,0,484.417,Change Room,0
5,1,0,0,393.956,Move to random point,0
5,1,0,0,394.207,Move to random point,0
2,1,0,1,296.059,Move to random point,0
2,1,0,1,284.783,Move to random point,0
2,1,0,1,268.784,Move to random point,0
1,1,1,0,195.68,Seek,0
0,5,0,0,398.341,Move to random point,0
0,3,0,0,117.851,Move to random point,0
0,3,0,0,181.117,Move to random point,0
0,3,0,0,185.853,Move to random point,0
0,3,0,0,120.258,Move to random point,0
0,3,0,0,81.7101,Move to random point,0
0,3,0,0,73.5961,Move to random point,0
2,3,0,1,84.215,Change Room,0
5,5,1,0,13.7631,Reset,1
0,5,0,0,398.182,Move to random point,0
0,5,0,0,496.479,Move to random point,0
0,5,0,0,433.911,Move to random point,0
0,2,0,1,223.479,Move to random point,0
0,2,0,1,387.713,Move to random point,0
0,2,0,1,342.992,Change Room,0
3,4,0,0,393.679,Move to random point,0
2,4,0,0,258.637,Change Room,0
5,5,1,0,247.652,Seek,0
5,2,0,1,215.043,Move to random point,0
5,2,0,1,276.898,Move to random point,0
5,2,0,1,345.943,Move to random point,0
5,2,0,1,265.063,Move to random point,0
5,2,0,1,213.84,Move to random point,0
4,2,0,0,261.305,Change Room,0
4,6,0,0,244.302,Move to random point,0
4,6,0,0,208.906,Move to random point,0
4,6,0,0,179.861,Change Room,0
2,5,0,1,140.136,Move to random point,0
2,5,0,1,194.249,Move to random point,0
2,2,1,0,84.7954,Seek,0
5,2,0,1,70.9912,Change Room,0
5,2,0,1,226.947,Move to random point,0
6,2,0,0,297.711,Move to random point,0
6,2,0,0,375.107,Move to random point,0
6,2,0,0,305.457,Move to random point,0
6,2,0,0,391.892,Move to random point,0
5,2,0,1,390.695,Change Room,0
2,1,0,1,242.835,Move to random point,0
0,1,0,0,200.541,Move to random point,0
0,1,0,0,99.5666,Move to random point,0
0,1,0,0,295.505,Move to random point,0
0,1,0,0,206.266,Move to random point,0
0,1,0,0,130.049,Change Room,0
0,5,0,0,398.238,Move to random point,0
0,2,0,1,329.376,Move to random point,0
0,2,0,1,337.747,Move to random point,0
0,2,0,1,195.173,Move to random point,0
0,2,0,1,273.683,Move to random point,0
0,2,0,1,139.069,Move to random point,0
0,2,0,1,297.996,Change Room,0
2,4,0,0,414.627,Move to random point,0
2,4,0,0,401.464,Move to random point,0
3,4,0,0,233.363,Change Room,0
3,5,0,0,204.577,Move to random point,0
3,5,0,0,196.155,Move to random point,0
3,2,0,1,288.799,Move to random point,0
2,2,1,0,21.2862,Seek,0
0,5,0,0,398.235,Move to random point,0
0,5,0,0,403.813,Move to random point,0
0,5,0,0,339.335,Move to random point,0
0,5,0,0,488.508,Move to random point,0
0,5,0,0,310.248,Move to random point,0
0,5,0,0,367.809,Move to random point,0
0,2,0,1,307.723,Change Room,0
6,4,0,0,402.143,Move to random point,0
6,4,0,0,399.549,Move to random point,0
6,4,0,0,343.051,Move to random point,0
2,4,0,0,317.123,Change Room,0
2,5,0,1,255.758,Move to random point,0
2,2,1,0,139.235,Seek,0
5,2,0,1,66.9395,Move to random point,0
5,2,0,1,208.681,Change Room,0
5,6,0,1,153.02,Move to random point,0
2,6,0,0,332.354,Change Room,0
2,2,1,0,128.864,Seek,0
2,2,1,0,87.2774,Seek,0
5,2,0,1,128.969,Move to random point,0
5,2,0,1,117.686,Change Room,0
6,2,0,0,412.172,Move to random point,0
6,2,0,0,447.233,Move to random point,0
6,2,0,0,411.558,Move to random point,0
6,2,0,0,404.209,Move to random point,0
6,2,0,0,407.475,Move to random point,0
6,2,0,0,441.6,Move to random point,0
5,2,0,1,380.802,Change Room,0
0,1,0,0,149.342,Move to random point,0
0,1,0,0,293.849,Move to random point,0
2,1,0,1,229.334,Move to random point,0
2,1,0,1,183.728,Change Room,0
5,2,0,1,209.241,Move to random point,0
2,2,1,0,240.062,Seek,0
0,5,0,0,398.116,Move to random point,0
0,5,0,0,380.282,Move to random point,0
0,2,0,1,158.405,Move to random point,0
0,2,0,1,155.5,Move to random point,0
0,2,0,1,122.224,Move to random point,0
0,2,0,1,187.623,Move to random point,0
0,2,0,1,311.995,Move to random point,0
0,2,0,1,174.063,Change Room,0
2,4,0,0,448.541,Move to random point,0
0,4,0,0,449.768,Change Room,0
0,5,0,0,496.495,Move to random point,0
0,5,0,0,505.333,Move to random point,0
0,5,0,0,377.684,Move to random point,0
2,5,0,1,330.21,Move to random point,0
2,5,0,1,391.541,Change Room,0
5,6,0,1,231.385,Move to random point,0
5,6,0,1,269.981,Move to random point,0
2,6,0,0,279.685,Move to random point,0
2,6,0,0,286.913,Change Room,0
2,2,1,0,14.0886,Reset,1
0,5,0,0,398.097,Move to random point,0
0,2,0,1,313.461,Move to random point,0
0,2,0,1,233.457,Move to random point,0
0,2,0,1,175.814,Move to random point,0
0,2,0,1,214.822,Move to random point,0
0,2,0,1,144.444,Move to random point,0
2,2,1,0,314.754,Seek,0
0,5,0,0,398.105,Move to random point,0
0,2,0,1,335.717,Move to random point,0
0,2,0,1,301.336,Move to random point,0
0,2,0,1,325.169,Move to random point,0
0,2,0,1,296.436,Move to random point,0
0,2,0,1,144.388,Move to random point,0
0,2,0,1,117.342,Change Room,0
1,4,0,0,635.76,Move to random point,0
1,4,0,0,655.351,Change Room,0
2,2,1,0,109.285,Seek,0
2,2,1,0,90.2705,Seek,0
2,2,1,0,30.4197,Seek,0
2,2,1,0,47.3391,Seek,0
2,2,1,0,10.424,Reset,1
0,5,0,0,398.108,Move to random point,0
0,5,0,0,330.453,Move to random point,0
0,5,0,0,332.919,Move to random point,0
0,5,0,0,515.788,Move to random point,0
0,2,0,1,290.758,Move to random point,0
2,2,1,0,267.912,Seek,0
0,5,0,0,398.333,Move to random point,0
0,0,1,0,97.0339,Seek,0
0,0,1,0,65.9769,Seek,0
0,0,1,0,13,Reset,1
0,5,0,0,398.225,Move to random point,0
0,2,0,1,292.229,Move to random point,0
0,2,0,1,163.776,Move to random point,0
0,2,0,1,396.305,Move to random point,0
0,2,0,1,358.363,Move to random point,0
0,2,0,1,315.24,Change Room,0
2,4,0,0,357.902,Move to random point,0
2,4,0,0,228.955,Move to random point,0
2,4,0,0,393.164,Move to random point,0
2,4,0,0,371.493,Change Room,0
1,5,0,0,444.704,Move to random point,0
1,2,0,1,235.366,Move to random point,0
2,2,1,0,179.454,Seek,0
0,5,0,0,398.126,Move to random point,0
0,5,0,0,403.925,Move to random point,0
0,5,0,0,316.954,Move to random point,0
0,5,0,0,450.712,Move to random point,0
0,2,0,1,144.769,Change Room,0
1,4,0,0,513.692,Move to random point,0
1,4,0,0,423.032,Change Room,0
2,5,0,1,255.803,Move to random point,0
0,2,0,1,282.004,Move to random point,0
0,2,0,1,284.365,Move to random point,0
0,2,0,1,291.471,Move to random point,0
0,2,0,1,285.617,Move to random point,0
0,2,0,1,215.798,Change Room,0
1,6,0,0,552.466,Move to random point,0
1,6,0,0,529.884,Move to random point,0
1,6,0,0,539.607,Change Room,0
0,2,0,1,342.864,Move to random point,0
0,2,0,1,241.712,Move to random point,0
0,2,0,1,348.882,Change Room,0
2,2,1,0,176.794,Seek,0
0,5,0,0,398.148,Move to random point,0
0,2,0,1,383.306,Move to random point,0
0,2,0,1,165.724,Move to random point,0
0,2,0,1,216.317,Move to random point,0
0,2,0,1,259.264,Move to random point,0
0,2,0,1,200.935,Move to random point,0
0,2,0,1,170.709,Move to random point,0
0,2,0,1,235.489,Change Room,0
4,4,1,0,162.023,Seek,0
4,5,0,1,192.183,Change Room,0
5,2,0,1,321.621,Move to random point,0
2,2,1,0,275.004,Seek,0
0,5,0,0,398.21,Move to random point,0
0,5,0,0,436.902,Move to random point,0
0,5,0,0,411.274,Move to random point,0
0,5,0,0,443.748,Move to random point,0
0,5,0,0,487.466,Move to random point,0
0,2,0,1,332.517,Move to random point,0
0,2,0,1,359.474,Change Room,0
6,4,0,0,434.112,Move to random point,0
6,4,0,0,234.534,Change Room,0
5,5,1,0,283.145,Seek,0
2,6,0,0,310.367,Move to random point,0
2,6,0,0,396.492,Move to random point,0
2,6,0,0,396.464,Move to random point,0
2,6,0,0,404.952,Change Room,0
2,6,0,0,408.777,Move to random point,0
2,6,0,0,359.389,Move to random point,0
5,6,0,1,338.408,Move to random point,0
5,6,0,1,329.292,Move to random point,0
5,6,0,1,375.133,Move to random point,0
4,6,0,0,306.591,Move to random point,0
4,6,0,0,308.454,Change Room,0
5,5,1,0,271.29,Seek,0
0,5,0,0,398.286,Move to random point,0
0,2,0,1,263.966,Move to random point,0
0,2,0,1,276.82,Move to random point,0
0,2,0,1,254.047,Move to random point,0
0,2,0,1,357.44,Move to random point,0
0,2,0,1,272.122,Change Room,0
0,4,0,0,369.367,Move to random point,0
0,4,0,0,159.615,Move to random point,0
0,4,0,0,450.204,Change Room,0
5,5,1,0,216.803,Seek,0
0,5,0,0,398.232,Move to random point,0
0,2,0,1,345.916,Move to random point,0
0,2,0,1,212.992,Move to random point,0
0,2,0,1,192.45,Move to random point,0
0,2,0,1,113.897,Move to random point,0
0,2,0,1,336.305,Change Room,0
1,4,0,0,330.35,Move to random point,0
1,4,0,0,326.623,Move to random point,0
1,4,0,0,469.241,Change Room,0
2,4,0,0,256.273,Move to random point,0
5,4,0,0,424.577,Move to random point,0
5,4,0,0,487.963,Move to random point,0
5,4,0,0,192.5,Move to random point,0
5,4,0,0,322.468,Move to random point,0
5,4,0,0,407.774,Change Room,0
1,6,0,0,589.262,Move to random point,0
1,6,0,0,546.354,Move to random point,0
1,6,0,0,533.692,Move to random point,0
2,6,0,0,505.704,Change Room,0
0,5,0,0,398.151,Move to random point,0
0,2,0,1,463.998,Move to random point,0
0,2,0,1,293.196,Move to random point,0
0,2,0,1,178.64,Move to random point,0
0,2,0,1,259.323,Move to random point,0
0,2,0,1,152.112,Move to random point,0
0,2,0,1,226.305,Change Room,0
3,4,0,0,109.252,Move to random point,0
3,4,0,0,37.2002,Move to random point,0
5,4,0,0,287.726,Change Room,0
0,5,0,0,398.189,Move to random point,0
0,5,0,0,345.432,Move to random point,0
0,5,0,0,378.404,Move to random point,0
0,2,0,1,288.318,Move to random point,0
0,2,0,1,288.231,Move to random point,0
0,2,0,1,268.019,Change Room,0
0,4,0,0,234.824,Move to random point,0
0,4,0,0,388.219,Move to random point,0
0,4,0,0,210.586,Change Room,0
0,5,0,0,217.742,Move to random point,0
0,5,0,0,435.933,Move to random point,0
0,5,0,0,368.361,Move to random point,0
0,2,0,1,246.332,Change Room,0
3,6,0,0,401.201,Move to random point,0
3,6,0,0,371.135,Move to random point,0
2,6,0,0,423.112,Move to random point,0
2,6,0,0,385.475,Move to random point,0
2,6,0,0,336.671,Change Room,0
2,5,0,1,182.272,Move to random point,0
2,2,1,0,13.9726,Reset,1
0,5,0,0,398.083,Move to random point,0
0,3,0,0,218.021,Move to random point,0
0,3,0,0,234.556,Move to random point,0
0,3,0,0,188.529,Move to random point,0
0,3,0,0,233.316,Move to random point,0
0,3,0,0,222.043,Move to random point,0
0,3,0,0,190.627,Move to random point,0
0,3,0,0,155.929,Change Room,0
1,4,0,0,483.589,Move to random point,0
1,4,0,0,629.04,Change Room,0
2,5,0,1,366.787,Move to random point,0
0,5,0,0,307.622,Move to random point,0
0,5,0,0,326.144,Move to random point,0
0,5,0,0,280.019,Move to random point,0
0,5,0,0,453.011,Move to random point,0
2,2,1,0,166.457,Seek,0
0,5,0,0,398.21,Move to random point,0
0,5,0,0,370.545,Move to random point,0
0,5,0,0,370.359,Move to random point,0
0,2,0,1,274.158,Move to random point,0
0,2,0,1,172.564,Move to random point,0
0,2,0,1,229.03,Move to random point,0
0,2,0,1,316.583,Change Room,0
4,4,1,0,323.121,Seek,0
0,5,0,0,398.26,Move to random point,0
0,5,0,0,196.151,Move to random point,0
0,2,0,1,367.195,Move to random point,0
0,2,0,1,295.659,Move to random point,0
0,2,0,1,313.517,Move to random point,0
0,2,0,1,307.739,Change Room,0
0,4,0,0,230.281,Move to random point,0
0,4,0,0,410.639,Move to random point,0
0,4,0,0,485.148,Move to random point,0
0,4,0,0,490.74,Change Room,0
3,4,0,0,263.974,Move to random point,0
3,4,0,0,332.329,Move to random point,0
3,4,0,0,189.969,Move to random point,0
3,4,0,0,296.838,Move to random point,0
2,4,0,0,258.462,Change Room,0
2,6,0,0,455.94,Move to random point,0
2,6,0,0,371.8,Move to random point,0
2,6,0,0,335.035,Change Room,0
3,2,0,1,59.9302,Move to random point,0
3,2,0,1,263.207,Move to random point,0
3,2,0,1,118.565,Change Room,0
2,2,1,0,92.1385,Seek,0
0,5,0,0,398.101,Move to random point,0
0,5,0,0,388.75,Move to random point,0
0,5,0,0,489.974,Move to random point,0
0,2,0,1,297.579,Move to random point,0
0,2,0,1,251.087,Move to random point,0
0,2,0,1,314.993,Move to random point,0
0,2,0,1,276.435,Move to random point,0
0,2,0,1,272.642,Move to random point,0
0,2,0,1,153.481,Change Room,0
5,4,0,0,184.38,Move to random point,0
5,4,0,0,158.503,Move to random point,0
2,4,0,0,495.774,Change Room,0
3,5,0,0,359.444,Move to random point,0
3,5,0,0,115.79,Move to random point,0
3,5,0,0,177.088,Move to random point,0
3,5,0,0,249.851,Change Room,0
3,6,0,0,306.737,Move to random point,0
3,6,0,0,447.292,Move to random point,0
3,6,0,0,375.083,Change Room,0
3,5,0,0,252.548,Move to random point,0
2,5,0,1,266.662,Move to random point,0
0,2,0,1,259.432,Change Room,0
0,2,0,1,353.737,Move to random point,0
0,2,0,1,245.556,Move to random point,0
2,2,1,0,208.915,Seek,0
0,5,0,0,398.086,Move to random point,0
0,2,0,1,283.174,Move to random point,0
0,2,0,1,219.009,Move to random point,0
0,2,0,1,130.552,Move to random point,0
0,2,0,1,313.993,Move to random point,0
0,2,0,1,143.025,Change Room,0
1,4,0,0,293.41,Move to random point,0
2,4,0,0,462.522,Change Room,0
6,2,0,0,300.459,Move to random point,0
5,2,0,1,439.621,Move to random point,0
2,2,1,0,343.664,Seek,0
0,5,0,0,398.079,Move to random point,0
0,5,0,0,328.653,Move to random point,0
0,2,0,1,143.739,Move to random point,0
0,2,0,1,211.535,Move to random point,0
0,2,0,1,331.04,Move to random point,0
0,2,0,1,70.4265,Change Room,0
2,4,0,0,239.512,Move to random point,0
2,4,0,0,269.257,Move to random point,0
2,4,0,0,424.117,Change Room,0
0,2,0,1,389.934,Move to random point,0
0,2,0,1,386.359,Move to random point,0
0,2,0,1,254.812,Move to random point,0
0,2,0,1,198.441,Move to random point,0
0,2,0,1,173.954,Move to random point,0
2,2,1,0,148.058,Seek,0
0,5,0,0,398.07,Move to random point,0
0,5,0,0,376.688,Move to random point,0
0,2,0,1,374.578,Move to random point,0
0,2,0,1,365.562,Move to random point,0
0,2,0,1,179.803,Move to random point,0
0,2,0,1,383.543,Move to random point,0
0,2,0,1,390.555,Move to random point,0
0,2,0,1,314.241,Move to random point,0
0,2,0,1,272.338,Change Room,0
5,4,0,0,206.045,Move to random point,0
5,4,0,0,314.501,Move to random point,0
5,4,0,0,195.451,Change Room,0
0,5,0,0,282.416,Move to random point,0
0,2,0,1,224.297,Move to random point,0
0,2,0,1,351.232,Change Room,0
2,6,0,0,346.092,Move to random point,0
2,6,0,0,313.84,Move to random point,0
2,6,0,0,405.29,Move to random point,0
